ID,Screen / context,English source,Japanese (provisional),Simplified Chinese (provisional),Korean (provisional),Spanish (provisional),Used in source,Screenshot link,Reviewer suggestion,Review status
about,Home / game setup: About,About,アプリについて,关于,앱 정보,Acerca de,lib/src/play.dart:3396,,,Needs native review
analysisBoard,Home / game setup: Analysis Board,Analysis Board,解析ボード,分析棋盘,분석 보드,Tablero de análisis,lib/src/play.dart:3163; lib/src/play.dart:3257; lib/src/play.dart:3321; lib/src/play.dart:3917; lib/src/analysis_board.dart:441,,,Needs native review
back,Home / game setup: Back,Back,戻る,返回,뒤로,Volver,lib/src/play.dart:3374,,,Needs native review
black,Home / game setup: Black,Black,黒,黑方,흑,Negras,lib/src/review.dart:2874; lib/src/review.dart:2875; lib/src/play.dart:212; lib/src/play.dart:214; lib/src/play.dart:2056; lib/src/play.dart:2068; lib/src/play.dart:2226; lib/src/play.dart:2430; lib/src/play.dart:3732; lib/src/play.dart:3733; lib/src/play.dart:4525; lib/src/review_widgets.dart:783; lib/src/review_widgets.dart:1064; lib/src/review_widgets.dart:1195; lib/src/review_widgets.dart:1511; lib/src/review_widgets.dart:1532; lib/src/review_widgets.dart:1563; lib/src/review_widgets.dart:1662; lib/src/analysis_board.dart:56; lib/src/analysis_board.dart:57; lib/src/analysis_board.dart:564,,,Needs native review
cancelPremoves,Home / game setup: Cancel premoves,Cancel premoves,プリムーブを取り消す,取消预走棋,미리두기 취소,Cancelar jugadas anticipadas,lib/src/play.dart:4576,,,Needs native review
chessnutExperimental,Home / game setup: Chessnut (experimental),Chessnut (experimental),Chessnut（試験的機能）,Chessnut（实验性）,Chessnut(실험 기능),Chessnut (experimental),lib/src/play.dart:3840,,,Needs native review
connectChessnut,Home / game setup: Connect Chessnut,Connect Chessnut,Chessnutに接続,连接 Chessnut,Chessnut 연결,Conectar Chessnut,lib/src/play.dart:3882,,,Needs native review
disconnect,Home / game setup: Disconnect,Disconnect,切断,断开连接,연결 해제,Desconectar,lib/src/play.dart:1483; lib/src/play.dart:1910; lib/src/play.dart:3881,,,Needs native review
engineSettings,Home / game setup: Engine settings,Engine settings,エンジン設定,引擎设置,엔진 설정,Ajustes del motor,lib/src/play.dart:4106,,,Needs native review
gameMenu,Home / game setup: Game menu,Game menu,対局メニュー,对局菜单,대국 메뉴,Menú de partida,lib/src/play.dart:4439,,,Needs native review
gameReady,Home / game setup: Game ready,Game ready,対局の準備完了,对局已准备就绪,대국 준비 완료,Partida lista,lib/src/play.dart:4378,,,Needs native review
gameSettings,Home / game setup: Game settings,Game settings,対局設定,对局设置,대국 설정,Ajustes de partida,lib/src/play.dart:4031,,,Needs native review
home,Home / game setup: Home,Home,ホーム,主页,홈,Inicio,lib/src/review.dart:2899; lib/src/play.dart:3381,,,Needs native review
playMaia,Home / game setup: Play Maia,Play Maia,Maiaと対局,与 Maia 对弈,Maia와 대국,Jugar contra Maia,lib/src/play.dart:3719,,,Needs native review
random,Home / game setup: Random,Random,ランダム,随机,무작위,Aleatorio,lib/src/play.dart:2227; lib/src/play.dart:3736; lib/src/play.dart:3737; lib/src/analysis_board.dart:60; lib/src/analysis_board.dart:61,,,Needs native review
recentGames,Home / game setup: Recent games,Recent games,最近の対局,最近的对局,최근 대국,Partidas recientes,lib/src/session_repository.dart:595; lib/src/play.dart:3926,,,Needs native review
resign,Home / game setup: Resign,Resign,投了,认输,기권,Abandonar,lib/src/play.dart:2841; lib/src/play.dart:3176; lib/src/play.dart:4447,,,Needs native review
settings,Home / game setup: Settings,Settings,設定,设置,설정,Ajustes,lib/src/play.dart:3388; lib/src/play.dart:3692,,,Needs native review
startGame,Home / game setup: Start game,Start game,対局開始,开始对局,대국 시작,Iniciar partida,lib/src/play.dart:3906; lib/src/analysis_board.dart:149,,,Needs native review
timeControl,Home / game setup: Time control,Time control,持ち時間,用时设置,시간 제한,Control de tiempo,lib/src/play.dart:3770; lib/src/analysis_board.dart:83,,,Needs native review
white,Home / game setup: White,White,白,白方,백,Blancas,lib/src/review.dart:2874; lib/src/review.dart:2875; lib/src/play.dart:99; lib/src/play.dart:212; lib/src/play.dart:214; lib/src/play.dart:217; lib/src/play.dart:846; lib/src/play.dart:2056; lib/src/play.dart:2067; lib/src/play.dart:2225; lib/src/play.dart:2430; lib/src/play.dart:3728; lib/src/play.dart:3729; lib/src/premoves.dart:92; lib/src/premoves.dart:116; lib/src/review_widgets.dart:768; lib/src/review_widgets.dart:942; lib/src/review_widgets.dart:943; lib/src/review_widgets.dart:1045; lib/src/review_widgets.dart:1064; lib/src/review_widgets.dart:1193; lib/src/review_widgets.dart:1467; lib/src/review_widgets.dart:1497; lib/src/review_widgets.dart:1512; lib/src/review_widgets.dart:1531; lib/src/review_widgets.dart:1563; lib/src/review_widgets.dart:1661; lib/src/analysis_board.dart:52; lib/src/analysis_board.dart:53; lib/src/analysis_board.dart:363; lib/src/analysis_board.dart:564; lib/src/game_clocks.dart:72; lib/src/diagnostics.dart:235,,,Needs native review
unlimited,Home / game setup: Unlimited,Unlimited,無制限,无时限,무제한,Sin límite,lib/src/session_types.dart:17; lib/src/play.dart:129; lib/src/play.dart:130; lib/src/play.dart:199; lib/src/play.dart:511; lib/src/play.dart:517; lib/src/play.dart:520; lib/src/play.dart:624; lib/src/play.dart:854; lib/src/play.dart:973; lib/src/play.dart:1410; lib/src/play.dart:2198; lib/src/play.dart:2199; lib/src/play.dart:2895; lib/src/play.dart:3004; lib/src/analysis_board.dart:376; lib/src/play_localization.dart:202,,,Needs native review
custom,Home / game setup: Custom,Custom,カスタム,自定义,사용자 지정,Personalizado,lib/src/session_types.dart:23; lib/src/play.dart:251; lib/src/play.dart:252; lib/src/play.dart:3796; lib/src/analysis_board.dart:96; lib/src/play_localization.dart:203,,,Needs native review
seconds,Home / game setup: seconds,seconds,秒,秒,초,segundos,,,,Needs native review
yourSide,Home / game setup: Your side,Your side,駒の色,执棋颜色,내 기물 색,Tu color,lib/src/play.dart:3723; lib/src/analysis_board.dart:49,,,Needs native review
you,Home / game setup: You,You,あなた,你,나,Tú,lib/src/play.dart:4311,,,Needs native review
systemDefault,Settings: System default,System default,端末の設定に従う,跟随系统,시스템 기본값,Predeterminado del sistema,lib/src/play.dart:3990,,,Needs native review
language,Settings: Language,Language,言語,语言,언어,Idioma,lib/src/play.dart:3972; lib/src/play.dart:3973; lib/src/play.dart:3984,,,Needs native review
playMaiaRating,Settings: Play Maia rating,Play Maia rating,対局用Maiaのレーティング,对手 Maia 的等级分,상대 Maia 레이팅,Elo de Maia para jugar,,,,Needs native review
minutes,Settings: Minutes,Minutes,分,分钟,분,Minutos,lib/src/play.dart:251; lib/src/play_localization.dart:205,,,Needs native review
increment,"Time added to a player’s chess clock after each move, in seconds. Not a generic numeric increment.",Increment,1手ごとの追加時間,每步加秒,추가 시간,Incremento,lib/src/play.dart:254; lib/src/play_localization.dart:205,,,Needs native review
gameSounds,Settings: Game sounds,Game sounds,対局の効果音,对局音效,대국 소리,Sonidos de partida,lib/src/play.dart:4036,,,Needs native review
movesCapturesErrorsAndGameEnd,"Settings: Moves, captures, errors, and game end","Moves, captures, errors, and game end",指し手、駒取り、エラー、対局終了時の音,走棋、吃子、错误及对局结束时的音效,"기물 이동, 잡기, 오류 및 대국 종료 시 소리","Jugadas, capturas, errores y final de partida",lib/src/play.dart:4037,,,Needs native review
hapticFeedback,Settings: Haptic feedback,Haptic feedback,振動フィードバック,触觉反馈,햅틱 피드백,Respuesta háptica,lib/src/play.dart:4044,,,Needs native review
touchFeedbackForMovesChecksErrorsAndGameEnd,"Settings: Touch feedback for moves, checks, errors, and game end","Touch feedback for moves, checks, errors, and game end",指し手、チェック、エラー、対局終了時の振動,走棋、将军、错误及对局结束时的振动,"수, 체크, 오류 및 대국 종료 시 진동","Vibración para jugadas, jaques, errores y final de partida",lib/src/play.dart:4046,,,Needs native review
premoves,Settings: Premoves,Premoves,プリムーブ,预走棋,미리두기,Jugadas anticipadas,lib/src/play.dart:4054,,,Needs native review
queueAMoveWhileMaiaIsThinking,Settings: Queue a move while Maia is thinking,Queue a move while Maia is thinking,Maiaの手番中に次の手を予約,在 Maia 思考时预设下一步棋,Maia가 생각하는 동안 다음 수를 미리 입력,Prepara una jugada mientras Maia piensa,lib/src/play.dart:4055,,,Needs native review
oneHundredMsPremovePenalty,Settings: 100 ms premove penalty,100 ms premove penalty,プリムーブの0.1秒消費,每次预走棋扣除 100 毫秒,미리두기 1회당 100ms 차감,"Descontar 0,1 s por jugada anticipada",lib/src/play.dart:4064,,,Needs native review
use01SecondsPerPremoveInTimedGames,Settings: Use 0.1 seconds per premove in timed games,Use 0.1 seconds per premove in timed games,持ち時間ありの対局でプリムーブごとに0.1秒消費,计时对局中每步预走棋扣除 0.1 秒,시간 제한이 있는 대국에서 미리두기 1회당 0.1초 차감,"Cada jugada anticipada consume 0,1 segundos de tu reloj",lib/src/play.dart:4066,,,Needs native review
allowMultiplePremoves,Settings: Allow multiple premoves,Allow multiple premoves,複数のプリムーブを許可,允许多步预走棋,여러 수 미리두기 허용,Permitir varias jugadas anticipadas,lib/src/play.dart:4078,,,Needs native review
queueASequenceAnIllegalMoveCancelsTheRest,Settings: Queue a sequence; an illegal move cancels the rest,Queue a sequence; an illegal move cancels the rest,複数の手を予約できます。指せない手があると、そこから先の予約は取り消されます,可预设多步棋；若某一步无法合法走出，将取消该步及之后的预走棋,여러 수를 미리 입력합니다. 규칙에 맞지 않는 수가 나오면 그 수와 이후의 수가 취소됩니다,"Prepara varias jugadas; si una no es legal, se cancela junto con las siguientes",lib/src/play.dart:4080,,,Needs native review
humanMoveTiming,"Toggle for optional random pauses before Maia moves. Changes timing only, not move selection, strength, or a learned human-time model.",Human move timing,人間らしい思考時間,走棋前随机停顿,자연스러운 착수 간격,Pausas naturales,lib/src/play.dart:4093,,,Needs native review
variableNaturalPausesBeforeMaiaMoves,Settings: Variable natural pauses before Maia moves,Variable natural pauses before Maia moves,Maiaが指すまでの待ち時間に自然なばらつきを加えます,Maia 走棋前加入时长不一的自然停顿,Maia가 수를 두기 전 대기 시간을 자연스럽게 조절합니다,Maia hace pausas de distinta duración antes de jugar,lib/src/play.dart:4095,,,Needs native review
aboutTemperatureAndTopP,Settings: About Temperature and Top-P,About Temperature and Top-P,温度とTop-Pについて,关于温度和 Top-P,온도와 Top-P 정보,Acerca de Temperatura y Top-P,lib/src/play.dart:4110,,,Needs native review
temperature,Settings: Temperature,Temperature,温度,温度,온도,Temperatura,,,,Needs native review
topP,Settings: Top-P,Top-P,Top-P,Top-P,Top-P,Top-P,,,,Needs native review
maiaAnalysisRating,Settings: Maia analysis rating,Maia analysis rating,解析用Maiaのレーティング,Maia 分析等级分,Maia 분석 레이팅,Elo de Maia para analizar,,,,Needs native review
addSecondMaiaEngine,Settings: Add second Maia engine,Add second Maia engine,2つ目のMaiaエンジンを追加,添加第二个 Maia 引擎,두 번째 Maia 엔진 추가,Añadir un segundo motor Maia,lib/src/play.dart:4184,,,Needs native review
compareAnotherMaiaRatingInAnalysisAndReview,Settings: Compare another Maia rating in analysis and review,Compare another Maia rating in analysis and review,解析や棋譜レビューで、異なるレーティングのMaiaを比較します,在分析和复盘中比较另一等级分的 Maia,분석과 복기에서 다른 Maia 레이팅 비교,Compara dos niveles de Maia al analizar posiciones y revisar partidas,lib/src/play.dart:4186,,,Needs native review
secondMaiaAnalysisRating,Settings: Second Maia analysis rating,Second Maia analysis rating,2つ目のMaiaのレーティング,第二个 Maia 的分析等级分,두 번째 Maia 분석 레이팅,Elo del segundo Maia,,,,Needs native review
gameAnalysisQuality,Settings: Game analysis quality,Game analysis quality,対局解析の品質,对局分析质量,대국 분석 품질,Calidad del análisis de partida,lib/src/review.dart:35; lib/src/review.dart:1443; lib/src/play.dart:4222; lib/src/analysis_board.dart:209; lib/src/analysis_board.dart:434,,,Needs native review
resetEngineDefaults,Settings: Reset engine defaults,Reset engine defaults,エンジン設定を初期化,恢复引擎默认设置,엔진 기본값 복원,Restablecer ajustes del motor,lib/src/play.dart:4265,,,Needs native review
boardSounds,Settings: Board sounds,Board sounds,電子盤の通知音,电子棋盘提示音,전자 보드 알림음,Avisos del tablero electrónico,lib/src/play.dart:1900; lib/src/play.dart:4278,,,Needs native review
beepForCheckCheckmateAndCompletedIllegalMoves,"Chessnut sound setting. Illegal-move feedback occurs only after the physical move is completed, not while a piece is being lifted or moved. Describe the user-facing event naturally rather than literally translating ""completed illegal moves"".","Beep for check, checkmate, and completed illegal moves.",チェック、チェックメイト、反則手を指したときに音で知らせます。,将军、将杀或走完不合规则的一步棋时发出提示音。,"체크, 체크메이트 또는 규칙에 어긋나는 수를 뒀을 때 알림음을 냅니다.","Avisos de jaque, jaque mate y jugadas ilegales.",lib/src/play.dart:4281,,,Needs native review
copyDiagnostics,Settings: Copy diagnostics,Copy diagnostics,診断情報をコピー,复制诊断信息,진단 정보 복사,Copiar información de diagnóstico,lib/src/play.dart:4301; lib/src/diagnostics.dart:247,,,Needs native review
diagnosticsCopied,Settings: Diagnostics copied,Diagnostics copied,診断情報をコピーしました,已复制诊断信息,진단 정보가 복사되었습니다,Información de diagnóstico copiada,lib/src/play.dart:4297,,,Needs native review
newGame,Live game: New game,New game,新しい対局,新对局,새 대국,Nueva partida,lib/src/play.dart:3194; lib/src/play.dart:3417,,,Needs native review
resetGame,Live game: Reset game,Reset game,対局をリセット,重置对局,대국 초기화,Reiniciar partida,lib/src/play.dart:3195; lib/src/play.dart:3418,,,Needs native review
shareAndExport,Live game: Share and export,Share and export,共有とエクスポート,分享与导出,공유 및 내보내기,Compartir y exportar,lib/src/review.dart:2905; lib/src/play.dart:3422,,,Needs native review
savePgnFile,Live game: Save PGN file,Save PGN file,PGNファイルを保存,保存 PGN 文件,PGN 파일 저장,Guardar archivo PGN,lib/src/review.dart:2930; lib/src/play.dart:3443,,,Needs native review
sharePgn,Live game: Share PGN,Share PGN,PGNを共有,分享 PGN,PGN 공유,Compartir PGN,lib/src/review.dart:2937; lib/src/pgn_files.dart:12; lib/src/play.dart:3450,,,Needs native review
copyPgn,Live game: Copy PGN,Copy PGN,PGNをコピー,复制 PGN,PGN 복사,Copiar PGN,lib/src/review.dart:2944; lib/src/play.dart:3457,,,Needs native review
copyFen,Live game: Copy FEN,Copy FEN,FENをコピー,复制 FEN,FEN 복사,Copiar FEN,lib/src/review.dart:2951; lib/src/play.dart:3464,,,Needs native review
maiaErrorRetry,Live game: Maia error. Retry,Maia error. Retry,Maiaエラー：再試行,Maia 出错。重试,Maia 오류: 다시 시도,Error de Maia. Reintentar,lib/src/play.dart:3546,,,Needs native review
maiaErrorPleaseRetry,Live game: Maia error. Please retry.,Maia error. Please retry.,Maiaでエラーが発生しました。再試行してください。,Maia 出错。请重试。,Maia에 오류가 발생했습니다. 다시 시도해 주세요.,Error de Maia. Vuelve a intentarlo.,lib/src/play.dart:1529; lib/src/play.dart:2660; lib/src/play.dart:3631; lib/src/play_localization.dart:100; lib/src/play_localization.dart:167,,,Needs native review
retry,Live game: Retry,Retry,再試行,重试,다시 시도,Reintentar,lib/src/play.dart:1272; lib/src/play.dart:3640,,,Needs native review
maiaIsThinking,Live game: Maia is thinking…,Maia is thinking…,Maiaが思考中…,Maia 正在思考…,Maia가 생각하는 중…,Maia está pensando…,lib/src/play.dart:1532; lib/src/play.dart:1701; lib/src/play.dart:2270; lib/src/play.dart:2501; lib/src/play.dart:3550; lib/src/play.dart:3646; lib/src/play_localization.dart:99; lib/src/play_localization.dart:166,,,Needs native review
history,Live game: HISTORY,HISTORY,履歴,历史局面,기록,HISTORIAL,lib/src/review.dart:287; lib/src/session_repository.dart:330; lib/src/session_repository.dart:331; lib/src/session_repository.dart:334; lib/src/session_repository.dart:335; lib/src/session_repository.dart:665; lib/src/play.dart:3925; lib/src/play.dart:4401; lib/src/session_model.dart:409,,,Needs native review
start,Live game: START,START,開始,初始局面,시작,INICIO,lib/src/review.dart:1820; lib/src/review.dart:1891; lib/src/review.dart:2209; lib/src/play.dart:595; lib/src/play.dart:701; lib/src/play.dart:1131; lib/src/play.dart:1380; lib/src/play.dart:2262; lib/src/play.dart:2356; lib/src/play.dart:2569; lib/src/play.dart:3083; lib/src/play.dart:4400; lib/src/session_model.dart:383; lib/src/maia_queue.dart:29,,,Needs native review
chessnutStatus,Live game: Chessnut status,Chessnut status,Chessnutの状態,Chessnut 状态,Chessnut 상태,Estado de Chessnut,lib/src/play.dart:3408,,,Needs native review
leaveCurrentGame,Live game: Leave current game?,Leave current game?,対局から離れますか？,离开当前对局？,현재 대국을 나가시겠습니까?,¿Salir de la partida actual?,lib/src/play.dart:2908,,,Needs native review
yourGameWillBeKeptInRecentGames,Live game: Your game will be kept in Recent games.,Your game will be kept in Recent games.,対局は「最近の対局」に保存されます。,对局将保留在“最近的对局”中。,대국은 최근 대국에 보관됩니다.,La partida se guardará en Partidas recientes.,lib/src/play.dart:2909,,,Needs native review
cancel,Live game: Cancel,Cancel,キャンセル,取消,취소,Cancelar,lib/main.dart:171; lib/main.dart:174; lib/main.dart:191; lib/main.dart:197; lib/src/review.dart:151; lib/src/review.dart:152; lib/src/review.dart:198; lib/src/review.dart:225; lib/src/review.dart:420; lib/src/review.dart:421; lib/src/review.dart:422; lib/src/review.dart:1606; lib/src/review.dart:1617; lib/src/review.dart:2506; lib/src/review.dart:2519; lib/src/session_repository.dart:542; lib/src/play.dart:330; lib/src/play.dart:538; lib/src/play.dart:1068; lib/src/play.dart:1338; lib/src/play.dart:1820; lib/src/play.dart:1834; lib/src/play.dart:2220; lib/src/play.dart:2221; lib/src/play.dart:2386; lib/src/play.dart:2704; lib/src/play.dart:2720; lib/src/play.dart:2781; lib/src/play.dart:2837; lib/src/play.dart:2858; lib/src/play.dart:2881; lib/src/play.dart:2913; lib/src/play.dart:2956; lib/src/play.dart:3100; lib/src/play.dart:3227; lib/src/play.dart:4625; lib/src/play.dart:4626; lib/src/play.dart:4633; lib/src/stockfish.dart:93; lib/src/stockfish.dart:134; lib/src/stockfish.dart:377; lib/src/stockfish.dart:382; lib/src/stockfish.dart:387; lib/src/stockfish.dart:411; lib/src/review_widgets.dart:206; lib/src/analysis_board.dart:135; lib/src/analysis_board.dart:184,,,Needs native review
continueAction,Live game: Continue,Continue,続ける,继续,계속,Continuar,lib/src/play.dart:2917,,,Needs native review
startANewGame,Live game: Start a new game?,Start a new game?,新しい対局を始めますか？,开始新对局？,새 대국을 시작하시겠습니까?,¿Iniciar una nueva partida?,lib/src/play.dart:2945,,,Needs native review
resetGameQuestion,Live game: Reset game?,Reset game?,対局をリセットしますか？,重置对局？,대국을 초기화하시겠습니까?,¿Reiniciar la partida?,lib/src/play.dart:2946,,,Needs native review
yourCompletedGameWillRemainInRecentGames,Live game: Your completed game will remain in Recent Games.,Your completed game will remain in Recent Games.,終了した対局は「最近の対局」に残ります。,已结束的对局仍会保留在“最近的对局”中。,완료된 대국은 최근 대국에 남습니다.,La partida terminada permanecerá en Partidas recientes.,lib/src/play.dart:2950,,,Needs native review
thisGameWillBePermanentlyErased,Live game: This game will be permanently erased.,This game will be permanently erased.,この対局は完全に削除されます。,该对局将被永久删除。,이 대국은 영구적으로 삭제됩니다.,Esta partida se borrará permanentemente.,lib/src/play.dart:2951,,,Needs native review
startNewGame,Live game: Start new game,Start new game,新しい対局を開始,开始新对局,새 대국 시작,Iniciar nueva partida,lib/src/play.dart:2961,,,Needs native review
reset,Live game: Reset,Reset,リセット,重置,초기화,Reiniciar,lib/src/play.dart:2961; lib/src/stockfish.dart:530,,,Needs native review
flipBoard,Live game: Flip board,Flip board,盤の上下反転,翻转棋盘,보드 돌리기,Girar el tablero,lib/src/review.dart:2636; lib/src/play.dart:3158; lib/src/analysis_board.dart:544,,,Needs native review
offerDraw,Live game: Offer draw,Offer draw,引き分けを提案,提出和棋,무승부 제안,Ofrecer tablas,lib/src/play.dart:2724; lib/src/play.dart:3169,,,Needs native review
takeBackMove,"Undo action. Depending on turn and board mode, this can undo one or two plies; avoid promising exactly one ply.",Take back move,手を戻す,悔棋,무르기,Deshacer,lib/src/play.dart:3185,,,Needs native review
whiteIsVictorious,Live game: White is victorious,White is victorious,白の勝ち,白方获胜,백 승리,Ganan las blancas,lib/src/play.dart:3249,,,Needs native review
blackIsVictorious,Live game: Black is victorious,Black is victorious,黒の勝ち,黑方获胜,흑 승리,Ganan las negras,lib/src/play.dart:3250,,,Needs native review
theGameIsADraw,Live game: The game is a draw,The game is a draw,引き分け,和棋,무승부,Tablas,lib/src/play.dart:3251,,,Needs native review
theGameHasEnded,Live game: The game has ended,The game has ended,対局終了,对局已结束,대국 종료,La partida ha terminado,lib/src/play.dart:3252,,,Needs native review
rematch,Live game: Rematch,Rematch,再対局,再来一局,재대국,Revancha,lib/src/play.dart:3261,,,Needs native review
fast,Analysis quality: Fast,Fast,高速,快速,빠름,Rápido,lib/src/review.dart:35; lib/src/play.dart:105; lib/src/play.dart:936; lib/src/play.dart:4261; lib/src/analysis_board.dart:209; lib/src/play_localization.dart:212; lib/src/play_localization.dart:228,,,Needs native review
balanced,Analysis quality: Balanced,Balanced,標準,均衡,균형,Equilibrado,lib/src/play_localization.dart:213; lib/src/play_localization.dart:229,,,Needs native review
thorough,Analysis quality: Thorough,Thorough,詳細,详细,정밀,Exhaustivo,lib/src/play_localization.dart:214; lib/src/play_localization.dart:230,,,Needs native review
continueFromHere,Analysis Board / Review: Continue from here,Continue from here,ここから対局,从此处继续对局,여기서 계속 두기,Continuar desde aquí,lib/src/review.dart:2585; lib/src/analysis_board.dart:38,,,Needs native review
load,Analysis Board / Review: Load,Load,読み込む,加载,불러오기,Cargar,lib/main.dart:86; lib/src/game_feedback.dart:105; lib/src/play.dart:348; lib/src/analysis_board.dart:188; lib/src/active_session_store.dart:105,,,Needs native review
editBoard,Analysis Board / Review: Edit Board,Edit Board,盤面を編集,编辑棋盘,보드 편집,Editar tablero,lib/src/analysis_board.dart:540,,,Needs native review
done,Analysis Board / Review: Done,Done,完了,完成,완료,Listo,lib/src/analysis_board.dart:548,,,Needs native review
whitePieces,Analysis Board / Review: White pieces,White pieces,白の駒,白方棋子,백 기물,Piezas blancas,lib/src/analysis_board.dart:587,,,Needs native review
blackPieces,Analysis Board / Review: Black pieces,Black pieces,黒の駒,黑方棋子,흑 기물,Piezas negras,lib/src/analysis_board.dart:588,,,Needs native review
whiteToMove,Analysis Board / Review: White to move,White to move,白の手番,白方走棋,백 차례,Juegan las blancas,lib/src/analysis_board.dart:613,,,Needs native review
blackToMove,Analysis Board / Review: Black to move,Black to move,黒の手番,黑方走棋,흑 차례,Juegan las negras,lib/src/analysis_board.dart:614,,,Needs native review
castlingRights,Board editor heading for FEN castling rights retained by king/rooks. Rights do not mean castling is legal immediately: blocked squares or check may still prevent it.,Castling rights,キャスリングの権利,王车易位权,캐슬링 권리,Derechos de enroque,lib/src/analysis_board.dart:618,,,Needs native review
whiteKingside,Board Editor castling-rights checkbox: whiteKingside. Kingside is short castling (O-O); queenside is long castling (O-O-O).,White kingside,白のキングサイド,白方短易位,백 킹사이드,Enroque corto de blancas,lib/src/analysis_board.dart:623,,,Needs native review
whiteQueenside,Board Editor castling-rights checkbox: whiteQueenside. Kingside is short castling (O-O); queenside is long castling (O-O-O).,White queenside,白のクイーンサイド,白方长易位,백 퀸사이드,Enroque largo de blancas,lib/src/analysis_board.dart:628,,,Needs native review
blackKingside,Board Editor castling-rights checkbox: blackKingside. Kingside is short castling (O-O); queenside is long castling (O-O-O).,Black kingside,黒のキングサイド,黑方短易位,흑 킹사이드,Enroque corto de negras,lib/src/analysis_board.dart:633,,,Needs native review
blackQueenside,Board Editor castling-rights checkbox: blackQueenside. Kingside is short castling (O-O); queenside is long castling (O-O-O).,Black queenside,黒のクイーンサイド,黑方长易位,흑 퀸사이드,Enroque largo de negras,lib/src/analysis_board.dart:638,,,Needs native review
enPassantTarget,Analysis Board / Review: En-passant target,En-passant target,アンパッサンの対象マス,吃过路兵目标格,앙파상 대상 칸,Casilla de captura al paso,lib/src/analysis_board.dart:645,,,Needs native review
startingPosition,Analysis Board / Review: Starting position,Starting position,初期配置,初始局面,시작 포지션,Posición inicial,lib/src/analysis_board.dart:678,,,Needs native review
clearBoard,Analysis Board / Review: Clear board,Clear board,駒をすべて取り除く,清空棋盘,보드 비우기,Vaciar tablero,lib/src/analysis_board.dart:690,,,Needs native review
loadFen,Analysis Board / Review: Load FEN,Load FEN,FENを読み込む,加载 FEN,FEN 불러오기,Cargar FEN,lib/src/review.dart:2554; lib/src/analysis_board.dart:310,,,Needs native review
loadPgn,Analysis Board / Review: Load PGN,Load PGN,PGNを読み込む,加载 PGN,PGN 불러오기,Cargar PGN,lib/src/review.dart:2560; lib/src/analysis_board.dart:335,,,Needs native review
openPgnFile,Analysis Board / Review: Open PGN file,Open PGN file,PGNファイルを開く,打开 PGN 文件,PGN 파일 열기,Abrir archivo PGN,lib/src/review.dart:2566,,,Needs native review
clearMoves,Analysis Board / Review: Clear moves,Clear moves,指し手を消去,清除着法,수 삭제,Borrar jugadas,lib/src/review.dart:2573,,,Needs native review
boardEditor,Analysis Board / Review: Board Editor,Board Editor,盤面エディター,棋盘编辑器,보드 편집기,Editor de tablero,lib/src/review.dart:2579,,,Needs native review
endPosition,Analysis Board / Review: end position,end position,最後の局面,最终局面,마지막 포지션,la posición final,lib/src/review.dart:2621,,,Needs native review
analysisMenu,Analysis Board / Review: Analysis menu,Analysis menu,解析メニュー,分析菜单,분석 메뉴,Menú de análisis,lib/src/review.dart:2630,,,Needs native review
turnEngineOff,Analysis Board / Review: Turn engine off,Turn engine off,エンジンをオフ,关闭引擎,엔진 끄기,Desactivar motor,lib/src/review.dart:2640,,,Needs native review
turnEngineOn,Analysis Board / Review: Turn engine on,Turn engine on,エンジンをオン,开启引擎,엔진 켜기,Activar motor,lib/src/review.dart:2641,,,Needs native review
moves,Analysis Board / Review: Moves,Moves,指し手,着法,수,Jugadas,lib/src/review.dart:510; lib/src/review.dart:1668; lib/src/review.dart:1669; lib/src/review.dart:1672; lib/src/review.dart:1673; lib/src/review.dart:1739; lib/src/review.dart:1755; lib/src/review.dart:1757; lib/src/review.dart:1834; lib/src/review.dart:1836; lib/src/review.dart:1867; lib/src/review.dart:2732; lib/src/openings.dart:46; lib/src/chessnut.dart:368; lib/src/play.dart:557; lib/src/play.dart:2478; lib/src/play.dart:2534; lib/src/play.dart:2591; lib/src/play.dart:4564; lib/src/stockfish.dart:275; lib/src/stockfish.dart:349; lib/src/stockfish.dart:488; lib/src/stockfish.dart:613; lib/src/session_model.dart:94; lib/src/session_model.dart:117; lib/src/maia.dart:59; lib/src/maia.dart:194; lib/src/maia.dart:223; lib/src/review_widgets.dart:298; lib/src/review_widgets.dart:299; lib/src/review_widgets.dart:308; lib/src/review_widgets.dart:467; lib/src/review_widgets.dart:471; lib/src/review_widgets.dart:474; lib/src/review_widgets.dart:504; lib/src/review_widgets.dart:505; lib/src/review_widgets.dart:506; lib/src/review_widgets.dart:617; lib/src/review_widgets.dart:644; lib/src/review_widgets.dart:666; lib/src/game_clocks.dart:67,,,Needs native review
computerAnalysis,Analysis Board / Review: Computer analysis,Computer analysis,コンピューター解析,电脑分析,컴퓨터 분석,Análisis del motor,lib/src/review.dart:2737,,,Needs native review
backToGame,Analysis Board / Review: Back to game,Back to game,対局に戻る,返回对局,대국으로 돌아가기,Volver a la partida,lib/src/review.dart:2898,,,Needs native review
expandVariations,Analysis and review UI: Expand variations,Expand variations,変化手順を表示する,展开变着,라인 펼치기,Abrir variantes,lib/src/review.dart:1234,,,Needs native review
collapseVariations,Analysis and review UI: Collapse variations,Collapse variations,変化手順をかくす,折叠变着,라인 접기,Cerrar variantes,lib/src/review.dart:1235,,,Needs native review
promoteVariation,"Review-tree action: promote a variation one parent level; a top-level variation moves to the first position. Not pawn promotion. Distinct from Make main line, which promotes repeatedly to the top.",Promote variation,変化を上位の手順にする,提升变着,라인 승격하기,Promocionar variante,lib/src/review.dart:1241,,,Needs native review
makeMainLine,"Review-tree action: promote a variation repeatedly until it becomes the main line. This changes the displayed analysis tree, not the historical moves actually played.",Make main line,主手順にする,设为主线,주 라인으로 설정,Convertir en línea principal,lib/src/review.dart:1246,,,Needs native review
deleteFromHere,Analysis and review UI: Delete from here,Delete from here,ここから削除,从此处删除,여기부터 삭제,Borrar a partir de aquí,lib/src/review.dart:1252,,,Needs native review
analyzing,Analysis and review UI: Analyzing…,Analyzing…,解析中…,分析中…,분석 중…,Analizando…,lib/src/review.dart:2035; lib/src/review.dart:2063,,,Needs native review
noLegalMoves,Analysis and review UI: No legal moves,No legal moves,合法手なし,无合法着法,합법적인 수 없음,Sin jugadas legales,lib/src/review.dart:2037,,,Needs native review
unavailable,Analysis and review UI: Unavailable,Unavailable,利用できません,不可用,사용 불가,No disponible,lib/src/review.dart:2038,,,Needs native review
analysisFailed,Analysis and review UI: Analysis failed. Please retry.,Analysis failed. Please retry.,解析に失敗しました。再試行してください。,分析失败，请重试。,분석에 실패했습니다. 다시 시도해 주세요.,El análisis falló. Inténtalo de nuevo.,lib/src/review.dart:2059; lib/src/review.dart:2790; lib/src/review.dart:2844,,,Needs native review
analysisStopped,Analysis and review UI: Computer analysis stopped.,Computer analysis stopped.,コンピューター解析を停止しました。,电脑分析已停止。,컴퓨터 분석이 중지되었습니다.,Se detuvo el análisis.,lib/src/review.dart:2789; lib/src/review.dart:2843,,,Needs native review
classifyingMoves,Analysis and review UI: Classifying moves…,Classifying moves…,指し手を分類中…,正在对着法分类…,수를 분류하는 중…,Clasificando jugadas…,lib/src/review.dart:2823,,,Needs native review
graphReadyClassifying,Analysis and review UI: Graph ready · classifying moves…,Graph ready · classifying moves…,グラフ生成完了 · 指し手を分類中…,图表已就绪 · 正在对着法分类…,그래프 준비 완료 · 수 분류 중…,Gráfico listo · clasificando jugadas…,lib/src/review.dart:2770,,,Needs native review
stopAnalysis,Analysis and review UI: Stop analysis,Stop analysis,解析を停止,停止分析,분석 중지,Detener análisis,lib/src/review.dart:2777; lib/src/review.dart:2832,,,Needs native review
runAnalysisAgain,Analysis and review UI: Run computer analysis again,Run computer analysis again,コンピューター解析を再実行,重新运行电脑分析,컴퓨터 분석 다시 실행,Repetir análisis,lib/src/review.dart:2799,,,Needs native review
runAnalysis,Analysis and review UI: Run computer analysis,Run computer analysis,コンピューター解析を実行,运行电脑分析,컴퓨터 분석 실행,Ejecutar análisis,lib/src/review.dart:2854,,,Needs native review
analysisExplanation,Analysis and review UI: Run computer analysis to generate the evaluation graph and White/Black accuracy.,Run computer analysis to generate the evaluation graph and White/Black accuracy.,コンピューター解析で評価値グラフと白・黒それぞれの指し手の正確度を表示します。,运行电脑分析以生成评估图表和白方、黑方的准确度。,컴퓨터 분석을 실행하면 평가 그래프와 백·흑의 정확도가 표시됩니다.,Ejecuta el análisis para generar el gráfico de evaluación y la precisión de blancas y negras.,lib/src/review.dart:2836,,,Needs native review
pgnCopied,Play screen: PGN copied,PGN copied,PGNをコピーしました,已复制 PGN,PGN 복사됨,PGN copiado,lib/src/review.dart:2482; lib/src/play.dart:3134,,,Needs native review
fenCopied,Play screen: FEN copied,FEN copied,FENをコピーしました,已复制 FEN,FEN 복사됨,FEN copiado,lib/src/review.dart:2490; lib/src/play.dart:3142,,,Needs native review
rawProbabilitiesExplanation,Analysis and review UI: Raw model probabilities normalized across every legal move. Temperature and Top-P are not applied.,Raw model probabilities normalized across every legal move. Temperature and Top-P are not applied.,全合法手で正規化したモデルの生の確率です。温度とTop-Pは適用されません。,模型原始概率已在所有合法着法间归一化，未应用温度和 Top-P。,모든 합법적인 수에 대해 정규화한 모델의 원시 확률입니다. 온도와 Top-P 설정은 적용되지 않습니다.,Probabilidades originales del modelo normalizadas entre todas las jugadas legales. No se aplican los ajustes de Temperatura ni Top-P.,lib/src/review.dart:1827,,,Needs native review
showRawProbabilities,Analysis and review UI: Show full raw model probabilities,Show full raw model probabilities,モデルの生の確率をすべて表示,显示所有模型原始概率,전체 모델 원시 확률 표시,Mostrar todas las probabilidades originales del modelo,lib/src/review.dart:1915,,,Needs native review
pasteFen,Analysis and review UI: Paste a complete six-field FEN,Paste a complete six-field FEN,6項目すべてを含むFENを貼り付け,粘贴包含全部六个字段的 FEN,6개 필드가 모두 포함된 FEN 붙여넣기,Pega un FEN completo de seis campos,lib/src/analysis_board.dart:311,,,Needs native review
pastePgn,Analysis and review UI: Paste a PGN game,Paste a PGN game,PGNの棋譜を貼り付け,粘贴 PGN 棋谱,PGN 기보 붙여넣기,Pega una partida PGN,lib/src/analysis_board.dart:336,,,Needs native review
invalidPosition,Analysis and review UI: Invalid position. Check the board and FEN.,Invalid position. Check the board and FEN.,無効な局面です。盤面とFENを確認してください。,局面无效，请检查棋盘和 FEN。,유효하지 않은 포지션입니다. 보드와 FEN을 확인해 주세요.,Posición inválida. Revisa el tablero y el FEN.,lib/src/analysis_board.dart:302; lib/src/analysis_board.dart:514,,,Needs native review
pgnLoadFailed,Analysis and review UI: Could not load the PGN game. Check the file or pasted text.,Could not load the PGN game. Check the file or pasted text.,PGNを読み込めませんでした。ファイルや貼り付けた棋譜を確認してください。,无法加载 PGN 棋谱，请检查文件或粘贴的文本。,PGN 기보를 불러올 수 없습니다. 파일 또는 붙여넣은 텍스트를 확인해 주세요.,No se pudo cargar el PGN. Revisa el archivo o el texto pegado.,lib/src/analysis_board.dart:302,,,Needs native review
goToNext,Analysis and review UI: Go to next,Go to next,次へ移動,转到下一个,다음으로 이동,Ir al siguiente,lib/src/review_widgets.dart:699,,,Needs native review
tapForNext,Analysis and review UI: {label} · tap for next,{label} · tap for next,{label} · タップで次へ,{label} · 点击转到下一个,{label} · 탭하여 다음으로,{label} · toca para ir al siguiente,lib/src/review_widgets.dart:701,,,Needs native review
notEnoughMoves,Analysis and review UI: Not enough moves,Not enough moves,指し手が不足しています,着法数量不足,수가 부족합니다,No hay suficientes jugadas,lib/src/review_widgets.dart:1156,,,Needs native review
gameAccuracy,Analysis and review UI: Game accuracy,Game accuracy,対局の正確度,对局准确度,대국 정확도,Precisión de la partida,lib/src/review_widgets.dart:1174,,,Needs native review
accuracy,Analysis and review UI: Accuracy,Accuracy,正確度,准确度,정확도,Precisión,lib/src/review_widgets.dart:1187,,,Needs native review
analysisGraph,Analysis and review UI: Computer analysis graph,Computer analysis graph,コンピューター解析グラフ,电脑分析图表,컴퓨터 분석 그래프,Gráfico del análisis,lib/src/review_widgets.dart:1233,,,Needs native review
maiaMoveProbabilities,Analysis and review UI: Maia {elo} move probabilities,Maia {elo} move probabilities,Maia {elo}の指し手の確率,Maia {elo} 着法概率,Maia {elo} 수 확률,Probabilidades de las jugadas de Maia {elo},lib/src/review.dart:1823; lib/src/review.dart:1882,,,Needs native review
otherProbability,Analysis and review UI: Other {probability},Other {probability},その他 {probability},其他 {probability},기타 {probability},Otras {probability},lib/src/review.dart:1937,,,Needs native review
otherLegalProbability,Analysis and review UI: other legal moves {probability},other legal moves {probability},その他の合法手 {probability},其他合法着法 {probability},기타 합법적인 수 {probability},otras jugadas legales {probability},lib/src/review.dart:1876,,,Needs native review
maiaProbabilitySemantics,Analysis and review UI: {title}. {moves}.,{title}. {moves}.,{title}。{moves}。,{title}。{moves}。,{title}. {moves}.,{title}. {moves}.,lib/src/review.dart:1881,,,Needs native review
analysisProgress,Analysis and review UI: Analyzing {completed} of {total} positions…,Analyzing {completed} of {total} positions…,解析中… {total}局面中{completed}局面が完了,正在分析…已完成 {completed}/{total} 个局面,{total}개 포지션 중 {completed}개 분석 중…,Analizando {completed} de {total} posiciones…,lib/src/review.dart:2825,,,Needs native review
graphPosition,"Analysis and review UI: Position {position} of {total}, {score}",Position {position} of {total}  ·  {score},局面 {position} / {total}、{score},局面 {position}/{total}，{score},"포지션 {position}/{total}, {score}","Posición {position} de {total}, {score}",lib/src/review_widgets.dart:1235; lib/src/review_widgets.dart:1253,,,Needs native review
positionNumber,Analysis and review UI: Position {position},Position {position},局面 {position},局面 {position},포지션 {position},Posición {position},lib/src/review_widgets.dart:1237; lib/src/review_widgets.dart:1240,,,Needs native review
classificationCount,"Analysis and review UI: {count, plural, one{{count} {side} {classification} move} other{{count} {side} {classification} moves}}","{count, plural, one{{count} {side} {classification} move} other{{count} {side} {classification} moves}}",{side}の{classification}：{count}手,{side}的{classification}：{count} 步,{side} {classification}: {count}수,"{side} · {classification}: {count, plural, one{{count} jugada} other{{count} jugadas}}",lib/src/review_widgets.dart:687,,,Needs native review
classificationBrilliant,"Chess annotation !! (brilliant move). Describes the move, not praise addressed to the player. Keep distinct from good (!).",Brilliant,妙手,妙着,매우 좋은 수,Brillante,lib/src/review_widgets.dart:25,,,Needs native review
classificationGood,Chess annotation ! (good move). Keep distinct from brilliant (!!).,Good,好手,好着,좋은 수,Buena,lib/src/review_widgets.dart:26,,,Needs native review
classificationInteresting,"Chess annotation !? (interesting move, deserving attention). Not a claim that the move is entertaining, and not the dubious ?! category.",Interesting,面白い手,值得注意的着法,흥미로운 수,Interesante,lib/src/review_widgets.dart:27,,,Needs native review
classificationDubious,"Chess annotation ?! (dubious or questionable move). Keep distinct from interesting (!?), mistake (?) and blunder (??).",Dubious,疑問手,可疑着法,애매한 수,Dudosa,lib/src/review_widgets.dart:28,,,Needs native review
classificationMistake,Chess annotation ? (mistake). Less severe than blunder (??).,Mistake,悪手,错着,실수,Error,lib/src/review_widgets.dart:29,,,Needs native review
classificationBlunder,"Chess annotation ?? (blunder, serious mistake). More severe than mistake (?).",Blunder,大悪手,败着,블런더,Error grave,lib/src/review_widgets.dart:30,,,Needs native review
gameReview,Analysis and review UI: Game review,Game review,対局レビュー,对局复盘,대국 복기,Revisión de la partida,lib/src/review.dart:2901,,,Needs native review
materialPawn,"Analysis and review UI: {count, plural, one{{count} pawn} other{{count} pawns}}","{count, plural, one{{count} pawn} other{{count} pawns}}",ポーン{count}個,{count} 个兵,폰 {count}개,"{count, plural, one{{count} peón} other{{count} peones}}",lib/src/review_widgets.dart:1651,,,Needs native review
materialKnight,"Analysis and review UI: {count, plural, one{{count} knight} other{{count} knights}}","{count, plural, one{{count} knight} other{{count} knights}}",ナイト{count}個,{count} 个马,나이트 {count}개,"{count, plural, one{{count} caballo} other{{count} caballos}}",lib/src/review_widgets.dart:1652,,,Needs native review
materialBishop,"Analysis and review UI: {count, plural, one{{count} bishop} other{{count} bishops}}","{count, plural, one{{count} bishop} other{{count} bishops}}",ビショップ{count}個,{count} 个象,비숍 {count}개,"{count, plural, one{{count} alfil} other{{count} alfiles}}",lib/src/review_widgets.dart:1653,,,Needs native review
materialRook,"Analysis and review UI: {count, plural, one{{count} rook} other{{count} rooks}}","{count, plural, one{{count} rook} other{{count} rooks}}",ルーク{count}個,{count} 个车,룩 {count}개,"{count, plural, one{{count} torre} other{{count} torres}}",lib/src/review_widgets.dart:1654,,,Needs native review
materialQueen,"Analysis and review UI: {count, plural, one{{count} queen} other{{count} queens}}","{count, plural, one{{count} queen} other{{count} queens}}",クイーン{count}個,{count} 个后,퀸 {count}개,"{count, plural, one{{count} dama} other{{count} damas}}",lib/src/review_widgets.dart:1655,,,Needs native review
materialAdvantage,Analysis and review UI: {score} material advantage,{score} material advantage,駒得 {score},子力优势 {score},기물 우위 {score},Ventaja material de {score},lib/src/review_widgets.dart:1666,,,Needs native review
materialDescription,"Spoken board label for this side's material difference relative to the opponent, not its entire remaining army. {side} is White/Black; {description} lists extra pieces and any material advantage score.",{side} material: {description},{side}の駒の差：{description},{side}子力差距：{description},{side} 기물 차이: {description},Diferencia material de {side}: {description},lib/src/review_widgets.dart:1672,,,Needs native review
previousMove,Analysis and review UI: Previous move,Previous move,前の手,上一步,이전 수,Jugada anterior,lib/src/history_navigation.dart:102,,,Needs native review
nextMove,Analysis and review UI: Next move,Next move,次の手,下一步,다음 수,Jugada siguiente,lib/src/history_navigation.dart:118,,,Needs native review
beginning,Analysis and review UI: beginning,beginning,開始局面,起始局面,시작,la posición inicial,lib/src/history_navigation.dart:107,,,Needs native review
latestPosition,Analysis and review UI: latest position,latest position,最新の局面,最新局面,최신 포지션,la última posición,lib/src/history_navigation.dart:123,,,Needs native review
holdForDestination,Analysis and review UI: Hold for {destination},Hold for {destination},長押しで{destination}へ,长按前往{destination},길게 누르면 {destination} 위치로 이동합니다,Mantén pulsado para ir a {destination},lib/src/history_navigation.dart:61,,,Needs native review
phaseOpening,Chess review UI: Opening,Opening,序盤,开局,오프닝,Apertura,lib/src/review_widgets.dart:1275,,,Needs native review
phaseMiddlegame,Chess review UI: Middlegame,Middlegame,中盤,中局,미들게임,Medio juego,lib/src/review_widgets.dart:1276,,,Needs native review
phaseEndgame,Chess review UI: Endgame,Endgame,終盤,残局,엔드게임,Final,lib/src/review_widgets.dart:1277,,,Needs native review
pieceKing,Chess review UI: King,King,キング,王,킹,Rey,lib/src/analysis_board.dart:531,,,Needs native review
pieceQueen,Chess review UI: Queen,Queen,クイーン,后,퀸,Dama,lib/src/analysis_board.dart:532,,,Needs native review
pieceRook,Chess review UI: Rook,Rook,ルーク,车,룩,Torre,lib/src/analysis_board.dart:533,,,Needs native review
pieceBishop,Chess review UI: Bishop,Bishop,ビショップ,象,비숍,Alfil,lib/src/analysis_board.dart:534,,,Needs native review
pieceKnight,Chess review UI: Knight,Knight,ナイト,马,나이트,Caballo,lib/src/analysis_board.dart:535,,,Needs native review
piecePawn,Chess review UI: Pawn,Pawn,ポーン,兵,폰,Peón,lib/src/analysis_board.dart:536,,,Needs native review
recentPlayerMaia,Recent Games display only; preserve canonical game/PGN data.,Player — Maia {rating},プレイヤー — Maia {rating},玩家 — Maia {rating},플레이어 — Maia {rating},Jugador — Maia {rating},lib/src/session_repository.dart:41,,,Needs native review
recentMaiaPlayer,Recent Games display only; preserve canonical game/PGN data.,Maia {rating} — Player,Maia {rating} — プレイヤー,Maia {rating} — 玩家,Maia {rating} — 플레이어,Maia {rating} — Jugador,lib/src/session_repository.dart:42,,,Needs native review
recentIncomplete,Recent Games display only; preserve canonical game/PGN data.,Incomplete,未完了,未完成,미완료,Sin terminar,lib/src/session_repository.dart:48,,,Needs native review
recentCompleted,Recent Games display only; preserve canonical game/PGN data.,Completed,完了,已完成,완료,Finalizada,lib/src/session_repository.dart:50,,,Needs native review
recentDeleteFailed,Recent Games display only; preserve canonical game/PGN data.,Could not delete saved games. Please try again.,保存した対局を削除できませんでした。もう一度お試しください。,无法删除已保存的对局。请重试。,저장된 대국을 삭제하지 못했습니다. 다시 시도해 주세요.,No se pudieron eliminar las partidas guardadas. Inténtalo de nuevo.,lib/src/session_repository.dart:476,,,Needs native review
recentOpenFailed,Recent Games display only; preserve canonical game/PGN data.,Could not open saved game. Please try again.,保存した対局を開けませんでした。もう一度お試しください。,无法打开已保存的对局。请重试。,저장된 대국을 열지 못했습니다. 다시 시도해 주세요.,No se pudo abrir la partida guardada. Inténtalo de nuevo.,lib/src/session_repository.dart:511; lib/src/session_repository.dart:519,,,Needs native review
recentDeleteTitle,Recent Games display only; preserve canonical game/PGN data.,"{count, plural, one{Delete saved game?} other{Delete {count} games?}}",保存した対局を{count}局削除しますか？,删除 {count} 局已保存的对局？,저장된 대국 {count}개를 삭제할까요?,"{count, plural, one{¿Eliminar la partida guardada?} other{¿Eliminar {count} partidas?}}",lib/src/session_repository.dart:537,,,Needs native review
recentDeleteWarning,Recent Games display only; preserve canonical game/PGN data.,"{count, plural, one{This saved game will be permanently deleted.} other{These {count} saved games will be permanently deleted.}}",保存した対局{count}局が完全に削除されます。,这 {count} 局已保存的对局将被永久删除。,저장된 대국 {count}개가 영구적으로 삭제됩니다.,"{count, plural, one{Esta partida guardada se eliminará definitivamente.} other{Estas {count} partidas guardadas se eliminarán definitivamente.}}",lib/src/session_repository.dart:538,,,Needs native review
deleteAction,User-facing diagnostic or PGN operation text. Diagnostic logs remain canonical.,Delete,削除,删除,삭제,Eliminar,lib/src/session_repository.dart:546,,,Needs native review
recentUpdating,Recent Games display only; preserve canonical game/PGN data.,Updating saved games,保存した対局を更新中,正在更新已保存的对局,저장된 대국 업데이트 중,Actualizando las partidas guardadas,lib/src/session_repository.dart:578,,,Needs native review
recentCancelSelection,Recent Games display only; preserve canonical game/PGN data.,Cancel selection,選択をキャンセル,取消选择,선택 취소,Cancelar selección,lib/src/session_repository.dart:584,,,Needs native review
recentClearSelection,Recent Games display only; preserve canonical game/PGN data.,Clear selection,選択を解除,清除选择,선택 해제,Borrar selección,lib/src/session_repository.dart:602,,,Needs native review
recentSelectAll,Recent Games display only; preserve canonical game/PGN data.,Select all games,すべての対局を選択,选择所有对局,모든 대국 선택,Seleccionar todas las partidas,lib/src/session_repository.dart:603,,,Needs native review
recentDeleteSelected,Recent Games display only; preserve canonical game/PGN data.,Delete selected games,選択した対局を削除,删除所选对局,선택한 대국 삭제,Eliminar las partidas seleccionadas,lib/src/session_repository.dart:615,,,Needs native review
recentSelectGames,Recent Games display only; preserve canonical game/PGN data.,Select games,対局を選択,选择对局,대국 선택,Seleccionar partidas,lib/src/session_repository.dart:635,,,Needs native review
recentDeleteAll,Recent Games display only; preserve canonical game/PGN data.,Delete all games,すべての対局を削除,删除所有对局,모든 대국 삭제,Eliminar todas las partidas,lib/src/session_repository.dart:639,,,Needs native review
recentDeleteOne,Recent Games display only; preserve canonical game/PGN data.,Delete saved game,保存した対局を削除,删除已保存的对局,저장된 대국 삭제,Eliminar la partida guardada,lib/src/session_repository.dart:698,,,Needs native review
recentSelectedCount,Recent Games display only; preserve canonical game/PGN data.,{count} selected,{count}局を選択中,已选择 {count} 局,{count}개 선택됨,"{count, plural, one{{count} seleccionada} other{{count} seleccionadas}}",lib/src/session_repository.dart:594,,,Needs native review
recentLoadFailed,Recent Games display only; preserve canonical game/PGN data.,Could not load saved games. Please try again.,保存した対局を読み込めませんでした。もう一度お試しください。,无法加载已保存的对局。请重试。,저장된 대국을 불러오지 못했습니다. 다시 시도해 주세요.,No se pudieron cargar las partidas guardadas. Inténtalo de nuevo.,lib/src/session_repository.dart:648,,,Needs native review
recentEmpty,Recent Games display only; preserve canonical game/PGN data.,Completed games and incomplete games saved from Home will appear here.,終了した対局と、ホームに戻る際に保存した未完了の対局がここに表示されます。,已完成的对局，以及返回主页时保存的未完成对局，会显示在这里。,완료된 대국과 홈으로 돌아갈 때 저장한 미완료 대국이 여기에 표시됩니다.,Aquí aparecerán las partidas finalizadas y las partidas sin terminar que guardes al volver a Inicio.,lib/src/session_repository.dart:656,,,Needs native review
recentGameSummary,Recent Games display only; preserve canonical game/PGN data.,{result} · {date},{result} · {date},{result} · {date},{result} · {date},{result} · {date},lib/src/session_repository.dart:677,,,Needs native review
diagnosticsScreenError,User-facing diagnostic or PGN operation text. Diagnostic logs remain canonical.,Mobile Maia encountered a screen error.,Mobile Maiaの画面でエラーが発生しました。,Mobile Maia 的界面出现了错误。,Mobile Maia 화면에 오류가 발생했습니다.,Se ha producido un error de pantalla en Mobile Maia.,lib/src/diagnostics.dart:233,,,Needs native review
diagnosticsScreenInstructions,User-facing diagnostic or PGN operation text. Diagnostic logs remain canonical.,Copy the diagnostics and send them with a description of what you tapped immediately before this screen appeared.,診断情報をコピーし、この画面が表示される直前にタップした操作の説明と一緒に送信してください。,请复制诊断信息，并在发送时说明出现此界面前点击了什么。,진단 정보를 복사하고 이 화면이 나타나기 직전에 무엇을 눌렀는지 설명과 함께 보내 주세요.,Copia los datos de diagnóstico y envíalos junto con una descripción de lo que pulsaste justo antes de que apareciera esta pantalla.,lib/src/diagnostics.dart:239,,,Needs native review
pgnSaved,User-facing diagnostic or PGN operation text. Diagnostic logs remain canonical.,PGN saved,PGNを保存しました,PGN 已保存,PGN 저장됨,PGN guardado,lib/src/pgn_files.dart:16,,,Needs native review
pgnExportFailed,User-facing diagnostic or PGN operation text. Diagnostic logs remain canonical.,Could not export PGN. Your game is still saved locally.,PGNをエクスポートできませんでした。対局は引き続き端末に保存されています。,无法导出 PGN。你的对局仍保存在本机。,PGN을 내보내지 못했습니다. 대국은 기기에 계속 저장되어 있습니다.,No se pudo exportar el PGN. Tu partida sigue guardada en el dispositivo.,lib/src/pgn_files.dart:23,,,Needs native review
languagePreferenceError,Inline Settings warning when reading or writing the language preference fails. The current in-memory language remains usable.,The language could not be saved or restored. Your games are unaffected. Please try selecting the language again.,言語設定を保存または復元できませんでした。対局データに影響はありません。もう一度言語を選択してください。,无法保存或恢复语言设置。对局数据不受影响，请重新选择语言。,언어 설정을 저장하거나 복원하지 못했습니다. 대국 데이터에는 영향이 없습니다. 언어를 다시 선택해 주세요.,No se pudo guardar o recuperar el idioma. Tus partidas no se han modificado. Vuelve a seleccionar el idioma.,lib/src/play.dart:4023,,,Needs native review
playRatingValue,Localized play label with numeric display values or canonical chess moves.,Play Maia rating: {rating},対局するMaiaのレーティング：{rating},对手 Maia 的等级分：{rating},상대 Maia 레이팅: {rating},Elo de Maia para jugar: {rating},lib/src/play.dart:3749; lib/src/analysis_board.dart:69,,,Needs native review
minutesValue,Localized play label with numeric display values or canonical chess moves.,Minutes: {minutes},持ち時間（分）：{minutes},分钟：{minutes},분: {minutes},Minutos: {minutes},lib/src/play.dart:3800; lib/src/analysis_board.dart:100,,,Needs native review
incrementSecondsValue,Localized play label with numeric display values or canonical chess moves.,Increment: {seconds} seconds,追加時間：{seconds}秒,每步加秒：{seconds} 秒,추가 시간: {seconds}초,Incremento (s): {seconds},lib/src/play.dart:3815; lib/src/analysis_board.dart:113,,,Needs native review
chooseSettings,Play screen: Choose your settings and start a game.,Choose your settings and start a game.,設定を選んで対局を始めましょう。,选择设置并开始对局。,설정을 선택하고 대국을 시작하세요.,Elige los ajustes e inicia una partida.,lib/src/play.dart:107; lib/src/play.dart:2899; lib/src/play.dart:3008; lib/src/play_localization.dart:56; lib/src/play_localization.dart:114,,,Needs native review
gameRestored,Play screen: Game restored.,Game restored.,対局を復元しました。,已恢复对局。,대국을 복원했습니다.,Partida restaurada.,lib/src/play_localization.dart:57; lib/src/play_localization.dart:115; lib/src/play_localization.dart:181,,,Needs native review
reconnectChessnut,Play screen: Reconnect Chessnut to continue.,Reconnect Chessnut to continue.,続けるにはChessnutに再接続してください。,请重新连接 Chessnut 以继续。,계속하려면 Chessnut에 다시 연결하세요.,Vuelve a conectar Chessnut para continuar.,lib/src/play.dart:634; lib/src/play.dart:1502; lib/src/play.dart:1585; lib/src/play.dart:2564; lib/src/play_localization.dart:58; lib/src/play_localization.dart:116,,,Needs native review
chessnutConnectionError,Play screen: Chessnut connection error.,Chessnut connection error.,Chessnutの接続エラー。,Chessnut 连接出错。,Chessnut 연결 오류입니다.,Error de conexión con Chessnut.,lib/src/play.dart:1399; lib/src/play_localization.dart:59; lib/src/play_localization.dart:117; lib/src/play_localization.dart:119; lib/src/play_localization.dart:194,,,Needs native review
searchingChessnut,Play screen: Searching for Chessnut…,Searching for Chessnut…,Chessnutを検索中…,正在搜索 Chessnut…,Chessnut 검색 중…,Buscando Chessnut…,lib/src/play.dart:1438; lib/src/play_localization.dart:60; lib/src/play_localization.dart:120; lib/src/play_localization.dart:189,,,Needs native review
couldNotConnectChessnut,Play screen: Could not connect Chessnut.,Could not connect Chessnut.,Chessnutに接続できませんでした。,无法连接 Chessnut。,Chessnut에 연결할 수 없습니다.,No se pudo conectar Chessnut.,lib/src/play_localization.dart:61; lib/src/play_localization.dart:121; lib/src/play_localization.dart:123; lib/src/play_localization.dart:174,,,Needs native review
chessnutAndroidOnly,Play screen: Chessnut support is available on Android.,Chessnut support is available on Android.,Chessnutへの接続機能はAndroidで利用できます。,Android 版支持连接 Chessnut。,Chessnut은 Android에서 사용할 수 있습니다.,La conexión con Chessnut está disponible en Android.,lib/src/play.dart:1466; lib/src/play_localization.dart:62; lib/src/play_localization.dart:124,,,Needs native review
chessnutIsDisconnected,Play screen: Chessnut is disconnected.,Chessnut is disconnected.,Chessnutは未接続です。,Chessnut 未连接。,Chessnut이 연결되지 않았습니다.,Chessnut está desconectado.,lib/src/play.dart:174; lib/src/play.dart:1500; lib/src/play_localization.dart:64; lib/src/play_localization.dart:125; lib/src/play_localization.dart:188,,,Needs native review
yourMove,Play screen: Your move.,Your move.,あなたの手番です。,轮到你走棋。,당신 차례입니다.,Tu turno.,lib/src/play.dart:1531; lib/src/play.dart:2272; lib/src/play.dart:2644; lib/src/play_localization.dart:65; lib/src/play_localization.dart:126,,,Needs native review
yourMoveChessnut,Play screen: Your move on Chessnut.,Your move on Chessnut.,Chessnutで指してください。,请在 Chessnut 上走棋。,Chessnut에서 수를 두세요.,Haz tu jugada en Chessnut.,lib/src/play.dart:1699; lib/src/play.dart:2269; lib/src/play_localization.dart:66; lib/src/play_localization.dart:127,,,Needs native review
chessnutReady,Play screen: Chessnut is ready.,Chessnut is ready.,Chessnutの準備ができました。,Chessnut 已就绪。,Chessnut이 준비되었습니다.,Chessnut está listo.,lib/src/play.dart:1645; lib/src/play_localization.dart:67; lib/src/play_localization.dart:128; lib/src/play_localization.dart:192,,,Needs native review
chessnutStartingPosition,Play screen: Set up the standard starting position on Chessnut.,Set up the standard starting position on Chessnut.,Chessnutに標準の初期配置を並べてください。,请在 Chessnut 上摆好标准初始局面。,Chessnut에 표준 시작 포지션대로 기물을 배치하세요.,Coloca la posición inicial estándar en Chessnut.,lib/src/play.dart:1646; lib/src/play.dart:2178; lib/src/play_localization.dart:68; lib/src/play_localization.dart:129; lib/src/play_localization.dart:131,,,Needs native review
takebackCompleteYourMove,Play screen: Takeback complete. Your move on Chessnut.,Takeback complete. Your move on Chessnut.,手を戻しました。Chessnutで指してください。,悔棋完成。请在 Chessnut 上走棋。,무르기가 완료되었습니다. Chessnut에서 수를 두세요.,Posición restaurada. Haz tu jugada en Chessnut.,lib/src/play.dart:1666; lib/src/play.dart:3119; lib/src/play_localization.dart:70; lib/src/play_localization.dart:132; lib/src/play_localization.dart:134,,,Needs native review
takebackCompleteThinking,Play screen: Takeback complete. Maia is thinking…,Takeback complete. Maia is thinking…,手を戻しました。Maiaが思考中…,悔棋完成。Maia 正在思考…,무르기가 완료되었습니다. Maia가 생각 중…,Posición restaurada. Maia está pensando…,lib/src/play.dart:1667; lib/src/play.dart:3120; lib/src/play_localization.dart:72; lib/src/play_localization.dart:135; lib/src/play_localization.dart:137,,,Needs native review
restoreLitSquares,Play screen: Takeback: restore the lit squares on Chessnut.,Takeback: restore the lit squares on Chessnut.,手を戻すには、Chessnutの点灯したマスの駒を元に戻してください。,悔棋：请还原 Chessnut 亮灯格上的棋子。,무르기: Chessnut에서 불이 켜진 칸의 기물을 원래 위치로 되돌리세요.,"Para deshacer, vuelve a colocar las piezas en las casillas iluminadas de Chessnut.",lib/src/play.dart:1672; lib/src/play.dart:3095; lib/src/play_localization.dart:74; lib/src/play_localization.dart:138,,,Needs native review
completeMaiaLitMove,Play screen: Complete Maia’s lit move on Chessnut.,Complete Maia’s lit move on Chessnut.,Chessnutの点灯したマスに従って、Maiaの指し手を完了してください。,请在 Chessnut 上完成亮灯指示的 Maia 着法。,Chessnut에서 불빛으로 표시된 Maia의 수를 완료하세요.,Completa en Chessnut la jugada de Maia indicada por las luces.,lib/src/play.dart:1720; lib/src/play_localization.dart:76; lib/src/play_localization.dart:139,,,Needs native review
illegalChessnutPosition,Play screen: That position is not a legal move. Correct the lit squares.,That position is not a legal move. Correct the lit squares.,合法な手を指した後の局面ではありません。点灯したマスの駒を修正してください。,这不是合法走棋后的局面。请纠正亮灯格上的棋子。,규칙에 맞는 수가 아닙니다. 불이 켜진 칸의 기물 배치를 바로잡으세요.,La posición no corresponde a una jugada legal. Corrige la colocación de las piezas en las casillas iluminadas.,lib/src/play.dart:1767; lib/src/play_localization.dart:77; lib/src/play_localization.dart:140; lib/src/play_localization.dart:142,,,Needs native review
completeYourChessnutMove,Play screen: Complete your move on Chessnut.,Complete your move on Chessnut.,Chessnutであなたの手を完了してください。,请在 Chessnut 上完成你的走棋。,Chessnut에서 두던 수를 마저 두세요.,Termina tu jugada en Chessnut.,lib/src/play.dart:1768; lib/src/play_localization.dart:79; lib/src/play_localization.dart:143; lib/src/play_localization.dart:145,,,Needs native review
connectChessnutFirst,Play screen: Connect Chessnut before starting.,Connect Chessnut before starting.,開始前にChessnutを接続してください。,开始前请连接 Chessnut。,시작하기 전에 Chessnut을 연결하세요.,Conecta Chessnut antes de empezar.,lib/src/play.dart:2177; lib/src/play_localization.dart:80; lib/src/play_localization.dart:146,,,Needs native review
gameInProgress,Play screen: Game in progress.,Game in progress.,対局中。,对局进行中。,대국 진행 중입니다.,Partida en curso.,lib/src/play.dart:2273; lib/src/play.dart:2502; lib/src/play.dart:2643; lib/src/play_localization.dart:81; lib/src/play_localization.dart:147,,,Needs native review
timeoutInsufficientMaterial,Play screen: Draw — timeout against insufficient material.,Draw — timeout against insufficient material.,引き分け — 時間切れですが、相手は残りの駒でチェックメイトできません。,和棋——虽然超时，但对方子力不足以将杀。,무승부 — 시간이 초과되었지만 시간이 남은 쪽에 체크메이트할 기물이 부족합니다.,Tablas por tiempo agotado: el otro bando no tiene material suficiente para dar mate.,lib/src/play.dart:2397; lib/src/play.dart:2691; lib/src/play_localization.dart:82; lib/src/play_localization.dart:148; lib/src/play_localization.dart:150,,,Needs native review
whiteOutOfTime,Play screen: White ran out of time.,White ran out of time.,白の時間が切れました。,白方超时。,백의 시간이 끝났습니다.,Las blancas agotaron su tiempo.,lib/src/play.dart:2399; lib/src/play_localization.dart:84; lib/src/play_localization.dart:151,,,Needs native review
blackOutOfTime,Play screen: Black ran out of time.,Black ran out of time.,黒の時間が切れました。,黑方超时。,흑의 시간이 끝났습니다.,Las negras agotaron su tiempo.,lib/src/play.dart:2400; lib/src/play_localization.dart:85; lib/src/play_localization.dart:152,,,Needs native review
makeMaiaLitMove,Play screen: Make Maia’s lit move on Chessnut.,Make Maia’s lit move on Chessnut.,Chessnutの点灯したマスに従って、Maiaの指し手を盤上で再現してください。,请在 Chessnut 上按亮灯指示走出 Maia 的着法。,Chessnut에서 불빛으로 표시된 Maia의 수를 두세요.,Realiza en Chessnut la jugada de Maia indicada por las luces.,lib/src/play.dart:2622; lib/src/play_localization.dart:86; lib/src/play_localization.dart:153,,,Needs native review
checkmateMaiaWins,Play screen: Checkmate — Maia wins.,Checkmate — Maia wins.,チェックメイト — Maiaの勝ちです。,将杀——Maia 获胜。,체크메이트 — Maia가 이겼습니다.,Jaque mate: Maia gana.,lib/src/play.dart:2683; lib/src/play_localization.dart:87; lib/src/play_localization.dart:154,,,Needs native review
checkmateYouWin,Play screen: Checkmate — you win!,Checkmate — you win!,チェックメイト — あなたの勝ちです！,将杀——你获胜！,체크메이트 — 당신이 이겼습니다!,¡Jaque mate: ganas tú!,lib/src/play.dart:2684; lib/src/play_localization.dart:88; lib/src/play_localization.dart:155,,,Needs native review
drawResult,Play screen: Draw.,Draw.,引き分け。,和棋。,무승부입니다.,Tablas.,lib/src/play.dart:2686; lib/src/play_localization.dart:89; lib/src/play_localization.dart:156,,,Needs native review
drawByAgreement,Play screen: Draw by agreement.,Draw by agreement.,合意による引き分け。,双方同意和棋。,합의에 따른 무승부입니다.,Tablas por acuerdo.,lib/src/play.dart:2692; lib/src/play.dart:2792; lib/src/play_localization.dart:90; lib/src/play_localization.dart:157,,,Needs native review
youWin,Play screen: You win.,You win.,あなたの勝ちです。,你获胜。,당신이 이겼습니다.,Ganas tú.,lib/src/play.dart:2695; lib/src/play.dart:2696; lib/src/play_localization.dart:91; lib/src/play_localization.dart:158,,,Needs native review
maiaWins,Play screen: Maia wins.,Maia wins.,Maiaの勝ちです。,Maia 获胜。,Maia가 이겼습니다.,Maia gana.,lib/src/play.dart:2695; lib/src/play.dart:2696; lib/src/play_localization.dart:92; lib/src/play_localization.dart:159,,,Needs native review
gameEnded,Play screen: Game ended.,Game ended.,対局が終了しました。,对局已结束。,대국이 끝났습니다.,Partida finalizada.,lib/src/play.dart:2698; lib/src/play_localization.dart:93; lib/src/play_localization.dart:160,,,Needs native review
consideringDraw,Play screen: Maia is considering the draw offer…,Maia is considering the draw offer…,Maiaが引き分けの提案を検討中…,Maia 正在考虑和棋提议…,Maia가 무승부 제안을 검토 중…,Maia está considerando la oferta de tablas…,lib/src/play.dart:2737; lib/src/play_localization.dart:94; lib/src/play_localization.dart:161,,,Needs native review
maiaDeclinedDraw,Play screen: Maia declined the draw.,Maia declined the draw.,Maiaは引き分けを断りました。,Maia 拒绝了和棋提议。,Maia가 무승부 제안을 거절했습니다.,Maia rechazó la oferta de tablas.,lib/src/play.dart:2767; lib/src/play.dart:2772; lib/src/play_localization.dart:95; lib/src/play_localization.dart:162,,,Needs native review
couldNotEvaluateDraw,Play screen: Could not evaluate the draw offer.,Could not evaluate the draw offer.,引き分けの提案を評価できませんでした。,无法评估和棋提议。,무승부 제안을 평가할 수 없습니다.,No se pudo evaluar la oferta de tablas.,lib/src/play.dart:2814; lib/src/play.dart:2818; lib/src/play_localization.dart:96; lib/src/play_localization.dart:163,,,Needs native review
youResigned,Play screen: You resigned — Maia wins.,You resigned — Maia wins.,投了しました — Maiaの勝ちです。,你已认输——Maia 获胜。,기권했습니다 — Maia가 이겼습니다.,Abandonaste: Maia gana.,lib/src/play.dart:2863; lib/src/play_localization.dart:97; lib/src/play_localization.dart:164,,,Needs native review
moveTakenBack,Play screen: Move taken back. Your move.,Move taken back. Your move.,手を戻しました。あなたの手番です。,已悔棋。轮到你走棋。,수를 물렀습니다. 당신 차례입니다.,Posición restaurada. Tu turno.,lib/src/play.dart:3096; lib/src/play_localization.dart:98; lib/src/play_localization.dart:165,,,Needs native review
connectingChessnut,Play screen: Connecting to Chessnut…,Connecting to Chessnut…,Chessnutに接続中…,正在连接 Chessnut…,Chessnut 연결 중…,Conectando con Chessnut…,lib/src/play.dart:1960; lib/src/play_localization.dart:49; lib/src/play_localization.dart:104; lib/src/play_localization.dart:191,,,Needs native review
chessnutUnavailable,Play screen: Chessnut unavailable,Chessnut unavailable,Chessnutを利用できません,Chessnut 不可用,Chessnut을 사용할 수 없음,Chessnut no disponible,lib/src/play.dart:1962,,,Needs native review
chessnutDisconnected,Play screen: Chessnut disconnected,Chessnut disconnected,Chessnut未接続,Chessnut 已断开连接,Chessnut 연결 끊김,Chessnut desconectado,lib/src/play.dart:1963,,,Needs native review
reconnect,Play screen: Reconnect,Reconnect,再接続,重新连接,다시 연결,Reconectar,lib/src/play.dart:1916; lib/src/play.dart:2020,,,Needs native review
playInApp,Play screen: Play in app,Play in app,アプリで対局,在应用中下棋,앱에서 대국,Jugar en la aplicación,lib/src/play.dart:1922; lib/src/play.dart:2030,,,Needs native review
continueGameOnScreen,Play screen: Continue this game on screen,Continue this game on screen,画面でこの対局を続ける,在屏幕上继续此对局,화면에서 이 대국 계속하기,Continuar esta partida en pantalla,lib/src/play.dart:1923,,,Needs native review
checkCheckmateIllegalMoves,"Play screen: Check, checkmate, and illegal moves","Check, checkmate, and illegal moves",チェック・チェックメイト・反則手,将军、将杀和非法走法,"체크, 체크메이트, 규칙에 맞지 않는 수","Jaque, jaque mate y jugadas ilegales",lib/src/play.dart:1901,,,Needs native review
offerDrawQuestion,Play screen: Offer draw?,Offer draw?,引き分けを提案しますか？,提出和棋？,무승부를 제안할까요?,¿Ofrecer tablas?,lib/src/play.dart:2716,,,Needs native review
resignGameQuestion,Play screen: Resign game?,Resign game?,投了しますか？,认输？,기권할까요?,¿Abandonar la partida?,lib/src/play.dart:2832,,,Needs native review
resignEndsImmediately,Play screen: This will end the game immediately.,This will end the game immediately.,対局は直ちに終了します。,这将立即结束对局。,대국이 즉시 종료됩니다.,La partida terminará inmediatamente.,lib/src/play.dart:2833,,,Needs native review
premoveLimit,Play screen: Up to 64 premoves can be queued.,Up to 64 premoves can be queued.,プリムーブは64手まで予約できます。,最多可设置 64 步预走棋。,최대 64수까지 미리 입력할 수 있습니다.,Puedes preparar hasta 64 jugadas anticipadas.,lib/src/play.dart:2426,,,Needs native review
chessnutGameRestriction,"Play screen: Chessnut play supports standard-position, unlimited games only.","Chessnut play supports standard-position, unlimited games only.",Chessnutでの対局は、標準の初期配置・持ち時間無制限の場合のみ対応しています。,Chessnut 仅支持从标准初始局面开始的无时限对局。,Chessnut 대국은 표준 시작 포지션에서 시작하는 시간 무제한 대국만 지원합니다.,Chessnut solo admite partidas sin límite de tiempo desde la posición inicial estándar.,lib/src/play.dart:3888,,,Needs native review
samplingTitle,Play screen: Temperature and Top-P,Temperature and Top-P,温度とTop-P,温度和 Top-P,온도와 Top-P,Temperatura y Top-P,lib/src/play.dart:1127,,,Needs native review
samplingDefaultsQuestion,Play screen: Why Temperature 1.00 and Top-P 1.00?,Why Temperature 1.00 and Top-P 1.00?,なぜ温度とTop-Pの推奨値は1.00なのですか？,为什么温度和 Top-P 都设为 1.00？,왜 온도와 Top-P를 1.00으로 설정하나요?,"¿Por qué Temperatura 1,00 y Top-P 1,00?",lib/src/play.dart:1134,,,Needs native review
samplingResearch,Play screen: Read the sampling research,Read the sampling research,サンプリングの研究を読む,阅读采样研究,샘플링 연구 읽기,Leer la investigación sobre muestreo,lib/src/play.dart:1149,,,Needs native review
close,Play screen: Close,Close,閉じる,关闭,닫기,Cerrar,lib/main.dart:166; lib/src/review.dart:2522; lib/src/session_repository.dart:589; lib/src/play.dart:1161; lib/src/play.dart:4578; lib/src/review_widgets.dart:207; lib/src/review_widgets.dart:1003; lib/src/review_widgets.dart:1011; lib/src/review_widgets.dart:1016; lib/src/review_widgets.dart:1347,,,Needs native review
unknownVersion,Play screen: Unknown version,Unknown version,バージョン不明,版本未知,버전 알 수 없음,Versión desconocida,lib/src/play.dart:1179,,,Needs native review
maiaProjectSource,Play screen: Maia-3 project and source code,Maia-3 project and source code,Maia-3のプロジェクトとソースコード,Maia-3 项目与源代码,Maia-3 프로젝트 및 소스 코드,Proyecto y código fuente de Maia-3,lib/src/play.dart:1190,,,Needs native review
enCroissantProjectSource,Play screen: En Croissant project and source code,En Croissant project and source code,En Croissantのプロジェクトとソースコード,En Croissant 项目与源代码,En Croissant 프로젝트 및 소스 코드,Proyecto y código fuente de En Croissant,lib/src/play.dart:1215,,,Needs native review
licence,Play screen: Licence,Licence,ライセンス,许可证,라이선스,Licencia,lib/src/play.dart:1225,,,Needs native review
mobileMaiaSource,Play screen: Mobile Maia source code,Mobile Maia source code,Mobile Maiaのソースコード,Mobile Maia 源代码,Mobile Maia 소스 코드,Código fuente de Mobile Maia,lib/src/play.dart:1232,,,Needs native review
samplingFullRange,"Play help, about or error message: These settings let Maia use its full range of predicted human moves. In our tests at the 1600 setting, they produced opening choices much closer to rating-filtered Lichess games.","These settings let Maia use its full range of predicted human moves. In our tests at the 1600 setting, they produced opening choices much closer to rating-filtered Lichess games.",これらの設定では、Maiaが予測する人間の指し手を幅広く選べます。レーティング1600の設定でのテストでは、序盤の指し手の選択が、レーティングで絞り込んだLichessの対局により近くなりました。,这些设置让 Maia 可在模型预测的完整人类着法范围内选择。在等级分设为 1600 的测试中，其开局选择更接近按等级分筛选的 Lichess 对局。,이 설정은 Maia가 예측한 사람의 수를 폭넓게 사용하도록 합니다. 1600 설정의 테스트에서는 오프닝 선택이 같은 레이팅 범위의 Lichess 대국에 훨씬 가까웠습니다.,"Estos ajustes permiten a Maia usar toda la gama de jugadas que predice para jugadores humanos. En nuestras pruebas con el ajuste 1600, las elecciones de apertura se parecieron mucho más a las de partidas de Lichess filtradas por nivel.",lib/src/play.dart:1138,,,Needs native review
samplingStrength,"Play help, about or error message: Lower settings reduce variety and can make Maia stronger. We favor a more human opening repertoire over maximum strength. Maia’s rating describes the players it models, rather than guaranteeing an exact playing strength.","Lower settings reduce variety and can make Maia stronger. We favor a more human opening repertoire over maximum strength. Maia’s rating describes the players it models, rather than guaranteeing an exact playing strength.",設定値を下げると指し手の多様性が減り、Maiaが強くなることがあります。私たちは強さを最大にすることより、人間らしいオープニングのレパートリーを重視しています。Maiaのレーティングは、モデルが模倣するプレイヤーのレーティングを示すもので、対局時の正確な棋力を保証するものではありません。,较低的设置会减少着法的多样性，并可能让 Maia 更强。我们更重视接近人类棋手的开局选择，而不是追求最大棋力。Maia 的等级分表示其模拟的棋手群体，并不保证相同的实战棋力。,"설정값을 낮추면 수의 다양성이 줄고 Maia가 더 강해질 수 있습니다. 우리는 최대한 강한 플레이보다 사람다운 오프닝 레퍼토리를 중시합니다. Maia의 레이팅은 모델링 대상 플레이어의 수준을 나타내며, 정확한 경기력을 보장하지 않습니다.",Los valores bajos reducen la variedad y pueden aumentar la fuerza de juego de Maia. Preferimos un repertorio de aperturas más humano a la máxima fuerza de juego. El Elo de Maia describe el nivel de los jugadores que modela y no garantiza una fuerza de juego exacta.,lib/src/play.dart:1140,,,Needs native review
samplingTemperatureHelp,"Play help, about or error message: Temperature controls how adventurous Maia is. At 0, Maia always chooses its most likely human move. Higher values make less likely moves more common.","Temperature controls how concentrated Maia’s move probabilities are. At 0, Maia always chooses the move the model predicts humans are most likely to play. Lower positive values favor the most likely moves more strongly; higher values give less likely moves more chance.",温度は、Maiaが選ぶ手の確率の集中度を調整します。0では、モデルが人間に最も選ばれやすいと予測した手を常に選びます。0より大きい低い値では確率の高い手に選択が集中し、高い値では確率の低い手も選ばれやすくなります。,温度控制 Maia 的走法概率有多集中。设为 0 时，Maia 总是选择模型预测人类最可能走的一步。大于 0 的较低值会使选择更集中于高概率走法；较高值则让低概率走法有更多机会被选中。,"온도는 Maia의 수 선택 확률이 얼마나 집중되는지 조절합니다. 0이면 모델이 사람이 둘 가능성이 가장 높다고 예측한 수를 항상 선택합니다. 0보다 큰 낮은 값은 가능성이 높은 수에 확률을 더 집중시키고, 높은 값은 가능성이 낮은 수에도 더 많은 기회를 줍니다.","La temperatura controla cuánto se concentran las probabilidades de las jugadas de Maia. Con 0, Maia siempre elige la jugada que el modelo predice como más probable para los jugadores humanos. Los valores positivos bajos favorecen más las jugadas más probables; los valores altos dan más posibilidades a las menos probables.",lib/src/play.dart:1152,,,Needs native review
samplingTopPHelp,"Play help, about or error message: Top-P limits Maia to the smallest group of moves whose combined probability reaches this value. Lower values narrow the choice to more likely moves; 1.00 keeps every legal move.","Top-P ranks moves from most to least likely, then keeps the smallest leading group whose combined probability reaches this value. Lower values restrict the choice to more likely moves; 1.00 keeps every legal move.",Top-Pは手を確率の高い順に並べ、合計確率が設定値に達するまでの最小のグループを候補にします。低い値では確率の高い手に選択が絞られ、1.00ではすべての合法手が候補に残ります。,Top-P 将走法按概率从高到低排序，保留累计概率达到设定值的最小一组走法。较低值会将选择限制在高概率走法中；1.00 则保留所有合法走法。,"Top-P는 수를 확률이 높은 순서로 정렬한 뒤, 확률의 합이 설정값에 도달할 때까지 선택 후보에 포함합니다. 값이 낮으면 확률이 높은 수로 선택이 좁혀지고, 1.00이면 모든 합법적인 수를 유지합니다.","Top-P ordena las jugadas de mayor a menor probabilidad y conserva el grupo mínimo, empezando por las más probables, cuya probabilidad acumulada alcanza ese valor. Los valores bajos restringen la elección a las jugadas más probables; 1,00 conserva todas las jugadas legales.",lib/src/play.dart:1154,,,Needs native review
aboutPoweredBy,"Play help, about or error message: Powered by Maia-3, the human-like chess engine developed by the University of Toronto Computational Social Science Lab.","Powered by Maia-3, the human-like chess engine developed by the University of Toronto Computational Social Science Lab.",トロント大学の計算社会科学研究室が開発した、人間らしく指すチェスエンジンMaia-3を使用しています。,由多伦多大学计算社会科学实验室开发、模仿人类棋风的国际象棋引擎 Maia-3 提供支持。,토론토 대학교 계산사회과학 연구실이 개발한 사람처럼 두는 체스 엔진 Maia-3를 사용합니다.,"Utiliza Maia-3, el motor de ajedrez de estilo humano desarrollado por el Laboratorio de Ciencias Sociales Computacionales de la Universidad de Toronto.",lib/src/play.dart:1181,,,Needs native review
aboutOffline,"Play help, about or error message: Maia-3 runs entirely on your phone. No account or network connection is required.",Maia-3 runs entirely on your phone. No account or network connection is required.,Maia-3はスマートフォン上で完結して動作します。アカウントやネットワーク接続は不要です。,Maia-3 完全在手机上运行，无需账户或网络连接。,Maia-3는 휴대폰에서 완전히 실행됩니다. 계정이나 네트워크 연결이 필요하지 않습니다.,Maia-3 funciona íntegramente en tu teléfono. No requiere cuenta ni conexión a Internet.,lib/src/play.dart:1183,,,Needs native review
aboutBoardCredits,"Play help, about or error message: Board interface, default brown theme, and Cburnett pieces are provided by Lichess Flutter Chessground. Local Stockfish support uses Lichess multistockfish.","Board interface, default brown theme, and Cburnett pieces are provided by Lichess Flutter Chessground. Local Stockfish support uses Lichess multistockfish.",盤面インターフェース、標準の茶色テーマ、Cburnettの駒はLichess Flutter Chessgroundが提供しています。端末上のStockfishにはLichess multistockfishを使用しています。,棋盘界面、默认棕色主题和 Cburnett 棋子由 Lichess Flutter Chessground 提供。本地 Stockfish 支持使用 Lichess multistockfish。,"보드 인터페이스, 기본 갈색 테마와 Cburnett 기물은 Lichess Flutter Chessground에서 제공합니다. 로컬 Stockfish 지원에는 Lichess multistockfish를 사용합니다.","La interfaz del tablero, el tema marrón predeterminado y las piezas Cburnett proceden de Lichess Flutter Chessground. El motor Stockfish local utiliza Lichess multistockfish.",lib/src/play.dart:1193,,,Needs native review
aboutReviewCredits,"Play help, about or error message: Game Review move classification and sacrifice-detection heuristics are adapted from the En Croissant open-source chess GUI.",Game Review move classification and sacrifice-detection heuristics are adapted from the En Croissant open-source chess GUI.,対局レビューの手の分類と駒の犠牲を検出する手法は、オープンソースのチェスGUI「En Croissant」を基にしています。,对局复盘中的着法分类和弃子检测启发式算法改编自开源国际象棋界面 En Croissant。,대국 복기의 수 분류와 희생 감지 휴리스틱은 오픈 소스 체스 GUI En Croissant를 기반으로 합니다.,La clasificación de jugadas y los criterios de detección de sacrificios de la revisión de partidas se han adaptado de la interfaz de ajedrez de código abierto En Croissant.,lib/src/play.dart:1209,,,Needs native review
aboutLicence,"Play help, about or error message: Mobile Maia is free software distributed under AGPL-3.0-only, without any warranty. You may redistribute and modify it under the terms of that licence. The complete source code is available from the project repository.","Mobile Maia is free software distributed under AGPL-3.0-only, without any warranty. You may redistribute and modify it under the terms of that licence. The complete source code is available from the project repository.",Mobile MaiaはAGPL-3.0-onlyで配布される自由ソフトウェアで、いかなる保証もありません。このライセンスの条件に従って再配布・改変できます。完全なソースコードはプロジェクトのリポジトリで公開されています。,Mobile Maia 是依照 AGPL-3.0-only 分发的自由软件，不提供任何担保。你可以按照该许可证的条款重新分发和修改。完整源代码可在项目仓库中获取。,Mobile Maia는 AGPL-3.0-only로 배포되는 자유 소프트웨어이며 어떠한 보증도 없습니다. 해당 라이선스에 따라 재배포하고 수정할 수 있습니다. 전체 소스 코드는 프로젝트 저장소에서 확인할 수 있습니다.,"Mobile Maia es software libre distribuido bajo AGPL-3.0-only, sin garantía alguna. Puedes redistribuirlo y modificarlo según esa licencia. El código fuente completo está disponible en el repositorio del proyecto.",lib/src/play.dart:1218,,,Needs native review
aboutIndependent,"Play help, about or error message: This independent community app is not an official Maia-3 or University of Toronto, Lichess, or En Croissant application.","This independent community app is not an official Maia-3 or University of Toronto, Lichess, or En Croissant application.",このアプリはコミュニティによる独立したアプリです。Maia-3、トロント大学、Lichess、En Croissantの公式アプリではありません。,这是一款独立的社区应用，并非 Maia-3、多伦多大学、Lichess 或 En Croissant 的官方应用。,"이 앱은 독립적인 커뮤니티 앱이며 Maia-3, 토론토 대학교, Lichess 또는 En Croissant의 공식 앱이 아닙니다.","Esta aplicación independiente de la comunidad no es una aplicación oficial de Maia-3, la Universidad de Toronto, Lichess ni En Croissant.",lib/src/play.dart:1234,,,Needs native review
samplingRecommendationWarning,"Play help, about or error message: Temperature or Top-P differs from the recommended 1.00. See the information button for details.",Temperature or Top-P differs from the recommended 1.00. See the information button for details.,温度またはTop-Pが推奨値の1.00と異なります。詳細は情報ボタンをご覧ください。,温度或 Top-P 与推荐值 1.00 不同。详情请点击信息按钮。,온도 또는 Top-P가 권장값 1.00과 다릅니다. 자세한 내용은 정보 버튼을 확인하세요.,"La temperatura o Top-P difiere del valor recomendado 1,00. Consulta el botón de información para más detalles.",lib/src/play.dart:4158,,,Needs native review
couldNotOpenPgn,"Play help, about or error message: Could not open PGN.",Could not open PGN.,PGNを開けませんでした。,无法打开 PGN。,PGN을 열 수 없습니다.,No se pudo abrir el PGN.,lib/src/play.dart:1305; lib/src/play.dart:1312,,,Needs native review
temperatureValue,Localized play label with numeric display values or canonical chess moves.,Temperature: {value},温度：{value},温度：{value},온도: {value},Temperatura: {value},lib/src/play.dart:4118,,,Needs native review
topPValue,Localized play label with numeric display values or canonical chess moves.,Top-P: {value},Top-P：{value},Top-P：{value},Top-P: {value},Top-P: {value},lib/src/play.dart:4140,,,Needs native review
analysisRatingValue,Localized play label with numeric display values or canonical chess moves.,Maia analysis rating: {rating},解析用Maiaのレーティング：{rating},Maia 分析等级分：{rating},Maia 분석 레이팅: {rating},Elo de Maia para analizar: {rating},lib/src/play.dart:4167,,,Needs native review
secondAnalysisRatingValue,Localized play label with numeric display values or canonical chess moves.,Second Maia analysis rating: {rating},2つ目の解析用Maiaのレーティング：{rating},第二个 Maia 的分析等级分：{rating},두 번째 Maia 분석 레이팅: {rating},Elo del segundo Maia: {rating},lib/src/play.dart:4198,,,Needs native review
premovesList,Localized play label with numeric display values or canonical chess moves.,Premoves: {moves},プリムーブ：{moves},预走棋：{moves},미리 입력한 수: {moves},Jugadas anticipadas: {moves},lib/src/play.dart:4563,,,Needs native review
maiaOpponentRating,Localized play label with numeric display values or canonical chess moves.,Maia3 {rating}elo,Maia3 {rating} Elo,Maia3 {rating} Elo,Maia3 {rating} Elo,Maia3 {rating} Elo,lib/src/play.dart:4312,,,Needs native review
analysisQualityDetails,Localized play label with numeric display values or canonical chess moves.,"Depth {depth} · up to {seconds} seconds per position, plus up to {extraSeconds} seconds checking standout moves.",深さ{depth}・1局面あたり最大{seconds}秒、注目すべき手の確認にさらに最大{extraSeconds}秒。,搜索深度 {depth} · 每个局面最多分析 {seconds} 秒，另用最多 {extraSeconds} 秒复核出色着法。,"깊이 {depth} · 포지션당 최대 {seconds}초, 눈에 띄는 수 확인에 추가로 최대 {extraSeconds}초.",Profundidad {depth} · hasta {seconds} segundos por posición y hasta {extraSeconds} segundos adicionales para comprobar jugadas destacadas.,lib/src/play_localization.dart:220,,,Needs native review
chessnutBattery,Localized play label with numeric display values or canonical chess moves.,"{percent}%{charging, select, yes{ ⚡} other{}}","{percent}%{charging, select, yes{ ⚡} other{}}","{percent}%{charging, select, yes{ ⚡} other{}}","{percent}%{charging, select, yes{ ⚡} other{}}","{percent}%{charging, select, yes{ ⚡} other{}}",lib/src/play.dart:1891; lib/src/play.dart:1996; lib/src/play.dart:3862,,,Needs native review
chessnutBluetoothUnavailable,Actionable Chessnut connection failure; native diagnostic details are recorded separately.,Bluetooth is unavailable on this device.,この端末ではBluetoothを利用できません。,此设备无法使用蓝牙。,이 기기에서 Bluetooth를 사용할 수 없습니다.,Bluetooth no está disponible en este dispositivo.,lib/src/play_localization.dart:54; lib/src/play_localization.dart:111; lib/src/play_localization.dart:113; lib/src/play_localization.dart:171,,,Needs native review
chessnutPermissionPending,Actionable Chessnut connection failure; native diagnostic details are recorded separately.,"Allow Bluetooth permissions, then reconnect Chessnut.",Bluetoothの権限を許可してからChessnutに再接続してください。,请授予蓝牙权限，然后重新连接 Chessnut。,Bluetooth 권한을 허용한 다음 Chessnut에 다시 연결하세요.,Permite el acceso a Bluetooth y vuelve a conectar Chessnut.,lib/src/play_localization.dart:52; lib/src/play_localization.dart:108; lib/src/play_localization.dart:110; lib/src/play_localization.dart:172,,,Needs native review
chessnutBluetoothDisabled,Actionable Chessnut connection failure; native diagnostic details are recorded separately.,"Turn on Bluetooth, then reconnect Chessnut.",BluetoothをオンにしてからChessnutに再接続してください。,请开启蓝牙，然后重新连接 Chessnut。,Bluetooth를 켠 다음 Chessnut에 다시 연결하세요.,Activa Bluetooth y vuelve a conectar Chessnut.,lib/src/play_localization.dart:50; lib/src/play_localization.dart:105; lib/src/play_localization.dart:107; lib/src/play_localization.dart:173,,,Needs native review
whiteShort,Compact chess-side column header in classification summary. White/black initials or one-character labels; full localized side names remain in accessibility labels.,W,白,白,백,B,lib/src/review_widgets.dart:733,,,Needs native review
blackShort,Compact chess-side column header in classification summary. White/black initials or one-character labels; full localized side names remain in accessibility labels.,B,黒,黑,흑,N,lib/src/review_widgets.dart:741,,,Needs native review
dateUnknown,Recent Games date when no trustworthy original calendar date can be recovered. Do not imply today or last saved.,Date unknown,対局日不明,对局日期未知,대국 날짜 알 수 없음,Fecha desconocida,lib/src/session_repository.dart:680,,,Needs native review
savedGameVersionUnsupported,"Persistent warning when a saved session or its backup uses an unsupported format. Creation is blocked to protect the files; update the app, never delete or overwrite automatically.",This saved data uses an unsupported format. Update Mobile Maia to open it. This data has been preserved.,この保存データは未対応の形式です。Mobile Maiaを更新してから開いてください。このデータは保持されています。,此保存数据使用尚不支持的格式。请更新 Mobile Maia 后再打开。此数据已保留。,지원하지 않는 형식의 저장 데이터입니다. Mobile Maia를 업데이트한 후 열어 주세요. 이 데이터는 보존되어 있습니다.,Estos datos guardados usan un formato no compatible. Actualiza Mobile Maia para abrirlos. Estos datos se han conservado.,lib/src/play.dart:1266,,,Needs native review
gameStorageFailed,Recoverable saved-game storage access/write failure. Do not promise the current game was written successfully; starting a new game is aborted.,Could not access saved-game storage. Please try again.,対局の保存先にアクセスできませんでした。もう一度お試しください。,无法访问对局存储。请重试。,저장된 대국에 접근할 수 없습니다. 다시 시도해 주세요.,No se pudo acceder al almacenamiento de partidas. Vuelve a intentarlo.,lib/src/play.dart:1267,,,Needs native review
